20251607_NameThisGame_UNI_DDQN,NameThisGameNoFrameskip-v4,UNI,DDQN,1,0
20251607_Qbert_R_UNI_ReaDQN,QbertNoFrameskip-v4,PositionalReplayBuffer,RDQN,1,0
20251607_Qbert_UNI_DDQN,QbertNoFrameskip-v4,UNI,DDQN,1,0
20251607_Frostbite_R_UNI_ReaDQN,FrostbiteNoFrameskip-v4,PositionalReplayBuffer,RDQN,1,0
20251607_Frostbite_UNI_DDQN,FrostbiteNoFrameskip-v4,UNI,DDQN,1,0
20251607_Riverraid_R_UNI_ReaDQN,RiverraidNoFrameskip-v4,PositionalReplayBuffer,RDQN,1,0
20251607_Riverraid_UNI_DDQN,RiverraidNoFrameskip-v4,UNI,DDQN,1,0
20251607_DoubleDunk_R_UNI_ReaDQN,DoubleDunkNoFrameskip-v4,PositionalReplayBuffer,RDQN,1,0
20251607_DoubleDunk_UNI_DDQN,DoubleDunkNoFrameskip-v4,UNI,DDQN,1,0
20251607_Bowling_R_UNI_ReaDQN,BowlingNoFrameskip-v4,PositionalReplayBuffer,RDQN,1,0
20251607_Bowling_UNI_DDQN,BowlingNoFrameskip-v4,UNI,DDQN,1,0
20251607_KungFuMaster_R_UNI_ReaDQN,KungFuMasterNoFrameskip-v4,PositionalReplayBuffer,RDQN,1,0
20251607_KungFuMasteR_UNI_DDQN,KungFuMasterNoFrameskip-v4,UNI,DDQN,1,0
20251607_BattleZone_R_UNI_ReaDQN,BattleZoneNoFrameskip-v4,PositionalReplayBuffer,RDQN,1,0
20251607_BattleZone_UNI_DDQN,BattleZoneNoFrameskip-v4,UNI,DDQN,1,0
20251607_Phoenix_R_UNI_ReaDQN,PhoenixNoFrameskip-v4,PositionalReplayBuffer,RDQN,1,0
20251607_Phoenix_UNI_DDQN,PhoenixNoFrameskip-v4,UNI,DDQN,1,0
20251607_Amidar_R_UNI_ReaDQN,AmidarNoFrameskip-v4,PositionalReplayBuffer,RDQN,1,0
20251607_AmidaR_UNI_DDQN,AmidarNoFrameskip-v4,UNI,DDQN,1,0